,City,Cloudiness,Country,Date,Humidity,Latitude,Longitude,MaxTemperature,WindSpeed
1,jamestown,1.0,AU,2019-07-02 23:14:28,85.0,-33.21,138.6,10.99,5.15
2,sao filipe,97.0,CV,2019-07-02 23:14:28,81.0,14.9,-24.5,23.19,7.94
3,geraldton,75.0,CA,2019-07-02 23:14:15,32.0,49.72,-86.95,28.0,3.1
4,east london,46.0,ZA,2019-07-02 23:14:29,33.0,-33.02,27.91,15.29,4.3
5,atuona,5.0,PF,2019-07-02 23:14:29,78.0,-9.8,-139.03,26.79,5.85
6,airai,80.0,TL,2019-07-02 23:14:29,60.0,-8.93,125.41,25.29,1.17
8,punta arenas,90.0,CL,2019-07-02 23:14:29,92.0,-53.16,-70.91,1.0,5.1
9,kruisfontein,54.0,ZA,2019-07-02 23:12:33,56.0,-34.0,24.73,14.49,3.57
11,svetlogorsk,90.0,RU,2019-07-02 23:14:30,100.0,53.14,59.15,14.0,1.37
12,darnah,0.0,LY,2019-07-02 23:14:30,77.0,32.77,22.64,24.59,3.17
13,torbay,90.0,CA,2019-07-02 23:14:30,93.0,47.66,-52.73,15.0,5.7
14,busselton,5.0,AU,2019-07-02 23:14:30,78.0,-33.64,115.35,6.11,8.36
15,touros,42.0,BR,2019-07-02 23:14:30,80.0,-5.2,-35.46,26.59,5.95
16,zhicheng,41.0,CN,2019-07-02 23:14:31,42.0,35.04,112.59,27.59,3.01
17,rikitea,100.0,PF,2019-07-02 23:06:25,87.0,-23.12,-134.97,19.29,10.86
18,awbari,0.0,LY,2019-07-02 23:14:31,20.0,26.59,12.77,28.79,3.59
19,montepuez,2.0,MZ,2019-07-02 23:14:31,90.0,-13.13,39.0,17.39,1.04
20,port alfred,61.0,ZA,2019-07-02 23:14:31,46.0,-33.59,26.89,20.0,1.79
21,ilulissat,75.0,GL,2019-07-02 23:14:31,35.0,69.22,-51.1,13.0,6.2
22,bredasdorp,67.0,ZA,2019-07-02 23:12:55,59.0,-34.53,20.04,17.78,6.7
23,iisalmi,90.0,FI,2019-07-02 23:14:32,81.0,63.56,27.19,12.0,6.2
24,kaitangata,67.0,NZ,2019-07-02 23:14:32,73.0,-46.28,169.85,12.78,1.79
25,ayorou,0.0,NE,2019-07-02 23:14:32,16.0,14.73,0.92,36.79,3.39
26,mehamn,75.0,NO,2019-07-02 23:14:33,93.0,71.03,27.85,8.0,1.0
28,duvan,95.0,RU,2019-07-02 23:14:33,99.0,55.69,57.9,14.59,0.67
29,muzhi,0.0,RU,2019-07-02 23:14:33,59.0,65.4,64.7,18.89,2.67
30,port hardy,20.0,CA,2019-07-02 23:14:33,77.0,50.7,-127.42,16.0,4.6
31,bandarbeyla,78.0,SO,2019-07-02 23:14:33,60.0,9.49,50.81,26.19,12.44
32,lebu,75.0,ET,2019-07-02 23:14:34,87.0,8.96,38.73,14.0,5.1
33,longyearbyen,75.0,NO,2019-07-02 23:14:34,76.0,78.22,15.63,9.0,5.1
34,ushuaia,75.0,AR,2019-07-02 23:10:19,94.0,-54.81,-68.31,0.0,7.2
35,lagoa,0.0,PT,2019-07-02 23:14:34,68.0,37.14,-8.45,20.0,3.1
36,seeboden,75.0,AT,2019-07-02 23:14:34,93.0,46.82,13.52,18.0,1.0
37,mutoko,10.0,ZW,2019-07-02 23:14:35,53.0,-17.4,32.23,12.59,2.0
38,khorixas,0.0,NA,2019-07-02 23:14:35,21.0,-20.37,14.96,14.89,4.87
39,avarua,8.0,CK,2019-07-02 23:06:23,56.0,-21.21,-159.78,23.0,8.2
40,toamasina,40.0,MG,2019-07-02 23:14:35,94.0,-18.17,49.38,20.0,1.26
41,soavinandriana,0.0,MG,2019-07-02 23:14:35,92.0,-19.17,46.74,12.59,1.04
42,mar del plata,88.0,AR,2019-07-02 23:14:36,87.0,-46.43,-67.52,0.69,4.52
43,nakonde,2.0,ZM,2019-07-02 23:14:36,77.0,-9.33,32.75,16.09,3.66
44,san patricio,100.0,PY,2019-07-02 23:14:36,92.0,-26.98,-56.83,13.69,2.18
45,barrow,21.0,AR,2019-07-02 23:14:36,62.0,-38.31,-60.23,5.59,8.51
46,vaini,100.0,IN,2019-07-02 23:14:36,88.0,15.34,74.49,25.09,1.86
47,kholodnyy,86.0,RU,2019-07-02 23:14:37,67.0,62.72,147.95,15.59,6.4
48,meadow lake,75.0,CA,2019-07-02 23:14:37,59.0,54.13,-108.44,16.0,7.2
49,severo-kurilsk,100.0,RU,2019-07-02 23:14:37,97.0,50.68,156.12,6.29,5.58
50,nemuro,88.0,JP,2019-07-02 23:14:20,97.0,43.32,145.57,12.39,1.22
51,half moon bay,1.0,US,2019-07-02 23:14:37,49.0,37.46,-122.43,23.33,9.3
52,kapaa,20.0,US,2019-07-02 23:14:38,70.0,22.08,-159.32,29.0,4.1
53,santa rosa,61.0,AR,2019-07-02 23:14:38,41.0,-36.62,-64.29,8.29,5.98
54,tasiilaq,100.0,GL,2019-07-02 23:12:28,80.0,65.61,-37.64,5.0,18.5
55,isangel,75.0,VU,2019-07-02 23:14:38,69.0,-19.55,169.27,25.0,1.3
56,cherskiy,50.0,RU,2019-07-02 23:14:38,56.0,68.75,161.3,10.79,7.95
57,port pirie,90.0,AU,2019-07-02 23:14:39,100.0,-33.18,138.01,8.0,0.5
58,hobart,20.0,AU,2019-07-02 23:14:39,75.0,-42.88,147.33,10.0,3.6
59,shyryayeve,3.0,UA,2019-07-02 23:14:39,90.0,47.38,30.2,20.29,2.72
60,umm bab,1.0,QA,2019-07-02 23:14:39,51.0,25.21,50.81,29.0,1.5
61,saint-augustin,20.0,CA,2019-07-02 23:14:39,42.0,45.63,-73.98,29.44,3.6
62,hilo,1.0,US,2019-07-02 23:14:40,54.0,19.71,-155.08,29.0,5.7
63,skibbereen,75.0,IE,2019-07-02 23:14:40,67.0,51.55,-9.27,14.0,3.1
64,souillac,0.0,FR,2019-07-02 23:14:40,60.0,45.6,-0.6,23.0,3.6
65,thompson,75.0,CA,2019-07-02 23:12:40,59.0,55.74,-97.86,16.0,5.7
66,alugan,38.0,PH,2019-07-02 23:14:43,61.0,12.22,125.48,30.19,0.89
67,puerto ayora,75.0,EC,2019-07-02 23:14:44,69.0,-0.74,-90.35,25.0,8.7
68,albany,75.0,US,2019-07-02 23:08:17,54.0,42.65,-73.75,28.0,3.1
69,vardo,75.0,US,2019-07-02 23:14:44,65.0,39.62,-77.74,30.0,3.6
70,shubarkuduk,71.0,KZ,2019-07-02 23:14:44,89.0,49.15,56.49,16.89,6.3
72,butaritari,43.0,KI,2019-07-02 23:12:32,68.0,3.07,172.79,29.29,3.32
73,kavaratti,100.0,IN,2019-07-02 23:14:45,77.0,10.57,72.64,28.79,8.22
74,naze,100.0,NG,2019-07-02 23:14:45,98.0,5.43,7.07,23.29,1.6
75,atar,29.0,MR,2019-07-02 23:14:45,15.0,20.52,-13.05,35.99,4.59
76,saint george,0.0,GR,2019-07-02 23:14:45,64.0,39.45,22.34,21.0,0.81
77,georgetown,75.0,GY,2019-07-02 23:13:48,83.0,6.8,-58.16,28.0,7.2
78,new norfolk,20.0,AU,2019-07-02 23:14:46,75.0,-42.78,147.06,10.0,3.6
79,dikson,100.0,RU,2019-07-02 23:14:46,91.0,73.51,80.55,2.99,3.18
80,yemelyanovo,40.0,RU,2019-07-02 23:14:46,93.0,56.17,92.69,15.0,2.92
81,douentza,40.0,ML,2019-07-02 23:14:46,20.0,15.01,-2.95,34.89,2.08
82,coruripe,57.0,BR,2019-07-02 23:14:46,95.0,-10.12,-36.18,20.69,2.48
83,staryy krym,0.0,UA,2019-07-02 23:14:47,58.0,45.03,35.1,19.79,1.61
84,saskylakh,42.0,RU,2019-07-02 23:14:47,57.0,71.97,114.09,9.69,2.52
85,cape town,75.0,ZA,2019-07-02 23:14:47,93.0,-33.93,18.42,14.44,8.2
86,mataura,45.0,NZ,2019-07-02 23:14:47,77.0,-46.19,168.86,13.89,0.89
88,general roca,0.0,AR,2019-07-02 23:14:48,39.0,-39.03,-67.58,10.0,8.2
89,bethel,75.0,US,2019-07-02 23:14:48,71.0,60.79,-161.76,15.0,12.3
90,copiapo,90.0,CL,2019-07-02 23:10:13,76.0,-27.37,-70.33,12.0,3.1
91,batemans bay,30.0,AU,2019-07-02 23:14:48,84.0,-35.71,150.18,10.56,1.79
92,ushtobe,16.0,KZ,2019-07-02 23:14:49,30.0,45.25,77.98,21.09,1.72
93,bambanglipuro,87.0,ID,2019-07-02 23:14:49,87.0,-7.95,110.28,23.59,3.12
94,santa cruz,22.0,BR,2019-07-02 23:13:23,88.0,-6.22,-36.02,21.59,3.97
95,ust-maya,100.0,RU,2019-07-02 23:14:49,73.0,60.42,134.54,16.59,2.27
96,taywarah,0.0,AF,2019-07-02 23:14:49,68.0,33.35,64.42,14.99,3.79
97,quirinopolis,0.0,BR,2019-07-02 23:11:58,42.0,-18.45,-50.45,22.39,2.73
98,kindersley,75.0,CA,2019-07-02 23:14:50,42.0,51.47,-109.16,20.0,8.2
99,vanimo,100.0,PG,2019-07-02 23:14:50,78.0,-2.67,141.3,27.09,2.24
100,rawson,32.0,AR,2019-07-02 23:14:50,74.0,-43.3,-65.11,2.39,7.74
101,mirabad,0.0,IR,2019-07-02 23:14:50,26.0,28.27,61.33,21.09,2.61
102,esperance,90.0,AU,2019-07-02 23:14:51,66.0,-33.86,121.89,12.0,3.6
103,znamenskoye,0.0,RU,2019-07-02 23:14:51,87.0,57.13,73.82,15.69,2.5
104,castro,75.0,CL,2019-07-02 23:14:51,81.0,-42.48,-73.76,7.0,1.5
106,sao jose do campestre,41.0,BR,2019-07-02 23:13:42,95.0,-6.32,-35.71,20.19,2.23
108,katsuura,75.0,JP,2019-07-02 23:14:52,100.0,33.93,134.5,23.89,1.0
109,norman wells,75.0,CA,2019-07-02 23:14:52,72.0,65.28,-126.83,16.0,5.1
110,hermanus,99.0,ZA,2019-07-02 23:06:48,75.0,-34.42,19.24,17.78,3.13
111,qaanaaq,0.0,GL,2019-07-02 23:14:52,47.0,77.48,-69.36,9.39,1.16
113,clyde river,90.0,CA,2019-07-02 23:14:53,93.0,70.47,-68.59,2.0,8.2
114,constitucion,75.0,MX,2019-07-02 23:14:53,13.0,23.99,-104.67,28.0,2.6
115,provideniya,90.0,RU,2019-07-02 23:11:56,100.0,64.42,-173.23,8.0,4.0
118,molodizhne,0.0,UA,2019-07-02 23:14:53,65.0,45.01,34.06,17.79,1.61
119,rio gallegos,75.0,AR,2019-07-02 23:14:54,82.0,-51.62,-69.22,0.0,3.28
120,chokurdakh,100.0,RU,2019-07-02 23:14:54,80.0,70.62,147.9,5.99,4.38
121,paracuru,40.0,BR,2019-07-02 23:14:54,78.0,-3.41,-39.03,27.0,4.1
122,zaysan,41.0,KZ,2019-07-02 23:14:54,49.0,47.47,84.87,15.79,0.66
124,luderitz,0.0,NA,2019-07-02 23:14:55,59.0,-26.65,15.16,16.0,2.1
126,biak,100.0,ID,2019-07-02 23:14:55,93.0,-0.91,122.88,17.59,0.93
127,imbituba,75.0,BR,2019-07-02 23:10:50,100.0,-28.24,-48.67,15.0,1.5
130,tessalit,60.0,ML,2019-07-02 23:14:56,29.0,20.2,1.01,32.29,10.32
131,hun,0.0,BE,2019-07-02 23:14:56,62.0,50.34,4.87,15.0,3.6
132,fortuna,75.0,US,2019-07-02 23:14:56,68.0,40.6,-124.16,18.0,5.7
133,sao joao da barra,0.0,BR,2019-07-02 23:14:56,83.0,-21.64,-41.05,24.0,2.1
134,isla vista,1.0,US,2019-07-02 23:14:57,63.0,34.41,-119.86,29.44,8.7
135,nantucket,75.0,US,2019-07-02 23:13:07,88.0,41.28,-70.1,25.0,5.1
136,victor harbor,75.0,AU,2019-07-02 23:14:57,100.0,-35.55,138.62,15.0,2.1
137,ancud,75.0,CL,2019-07-02 23:14:57,81.0,-41.87,-73.83,7.0,1.5
138,kavieng,10.0,PG,2019-07-02 23:14:57,74.0,-2.57,150.8,28.59,4.85
139,laguna,40.0,BZ,2019-07-02 23:14:58,70.0,16.17,-88.94,30.0,3.1
140,arraial do cabo,95.0,BR,2019-07-02 23:14:58,94.0,-22.97,-42.02,20.0,1.0
141,bluff,0.0,AU,2019-07-02 23:14:58,52.0,-23.58,149.07,20.99,7.35
142,urengoy,10.0,RU,2019-07-02 23:14:58,52.0,65.96,78.37,20.09,2.68
143,north platte,1.0,US,2019-07-02 23:14:59,65.0,41.12,-100.77,29.44,2.6
144,cayenne,98.0,GF,2019-07-02 23:11:58,94.0,4.94,-52.33,24.0,1.0
145,carutapera,58.0,BR,2019-07-02 23:14:59,87.0,-1.2,-46.02,25.49,2.85
147,hofn,56.0,IS,2019-07-02 23:14:59,68.0,64.25,-15.21,2.59,2.77
148,labuhan,100.0,ID,2019-07-02 23:15:00,76.0,-2.54,115.51,25.79,0.38
149,hithadhoo,100.0,MV,2019-07-02 23:10:17,74.0,-0.6,73.08,28.69,4.31
150,davila,75.0,PH,2019-07-02 23:15:00,78.0,18.47,120.58,27.0,1.5
151,sistranda,75.0,NO,2019-07-02 23:15:00,87.0,63.73,8.83,8.33,8.7
152,promyshlennaya,40.0,RU,2019-07-02 23:15:00,100.0,54.92,85.64,14.0,2.0
153,puerto quijarro,4.0,BO,2019-07-02 23:15:01,88.0,-19.0,-57.72,23.0,3.1
154,ahipara,98.0,NZ,2019-07-02 23:15:01,87.0,-35.17,173.16,16.89,7.73
155,guerrero negro,0.0,MX,2019-07-02 23:15:01,79.0,27.97,-114.04,20.79,8.69
156,husavik,17.0,CA,2019-07-02 23:15:01,34.0,50.56,-96.99,24.44,4.02
157,porbandar,61.0,IN,2019-07-02 23:15:02,85.0,21.64,69.61,27.69,3.51
158,pevek,81.0,RU,2019-07-02 23:15:02,96.0,69.7,170.27,1.89,5.38
159,broome,22.0,GB,2019-07-02 23:15:02,82.0,52.47,1.45,13.33,0.5
160,cabedelo,40.0,BR,2019-07-02 23:15:02,94.0,-6.97,-34.84,24.0,4.6
161,saint simons,1.0,US,2019-07-02 23:15:03,55.0,31.14,-81.39,35.0,4.6
162,suntar,7.0,RU,2019-07-02 23:15:03,49.0,62.16,117.65,12.29,4.69
163,zeya,27.0,RU,2019-07-02 23:15:03,59.0,53.74,127.27,18.89,2.23
164,teahupoo,40.0,PF,2019-07-02 23:15:03,58.0,-17.83,-149.27,28.0,2.1
165,saint-philippe,1.0,CA,2019-07-02 23:15:04,40.0,45.36,-73.48,30.0,1.5
166,svetlaya,98.0,RU,2019-07-02 23:15:04,85.0,46.54,138.33,11.79,1.95
167,caledonia,75.0,US,2019-07-02 23:10:11,74.0,42.81,-87.92,29.0,2.1
169,nizwa,34.0,OM,2019-07-02 23:15:04,27.0,22.93,57.53,27.89,1.89
170,jalu,0.0,LY,2019-07-02 23:15:05,62.0,29.03,21.55,23.39,5.82
171,pangnirtung,90.0,CA,2019-07-02 23:10:47,55.0,66.15,-65.72,16.0,6.2
172,seoul,75.0,KR,2019-07-02 23:05:19,83.0,37.57,126.98,22.0,0.5
173,moose factory,40.0,CA,2019-07-02 23:15:05,53.0,51.26,-80.61,25.0,5.7
174,caucaia,40.0,BR,2019-07-02 23:15:05,78.0,-3.73,-38.66,27.0,4.1
176,sept-iles,75.0,CA,2019-07-02 23:15:06,72.0,50.2,-66.38,16.0,2.1
177,ugoofaaru,100.0,MV,2019-07-02 23:15:06,72.0,5.67,73.0,28.39,3.98
179,henties bay,0.0,NA,2019-07-02 23:15:06,80.0,-22.12,14.28,11.11,3.56
180,yumen,30.0,CN,2019-07-02 23:15:07,19.0,40.29,97.04,27.09,2.33
181,plettenberg bay,71.0,ZA,2019-07-02 23:14:55,58.0,-34.05,23.37,14.69,2.5
182,ribeira grande,40.0,PT,2019-07-02 23:15:07,94.0,38.52,-28.7,21.0,4.1
183,richards bay,0.0,ZA,2019-07-02 23:15:07,62.0,-28.77,32.06,18.39,7.39
185,pisco,1.0,PE,2019-07-02 23:15:08,84.0,-13.71,-76.2,17.22,6.26
186,dubbo,0.0,AU,2019-07-02 23:15:08,60.0,-32.25,148.6,6.0,5.7
187,trincomalee,100.0,LK,2019-07-02 23:15:08,79.0,8.58,81.23,26.29,3.71
188,muroto,75.0,JP,2019-07-02 23:15:08,88.0,33.37,134.14,23.0,1.0
189,narsaq,74.0,GL,2019-07-02 23:15:09,61.0,60.91,-46.05,10.0,3.1
190,cockburn town,43.0,TC,2019-07-02 23:15:09,78.0,21.46,-71.14,27.99,4.27
191,batagay,83.0,RU,2019-07-02 23:15:09,57.0,67.65,134.64,10.79,6.49
192,chicama,4.0,PE,2019-07-02 23:15:09,92.0,-7.84,-79.15,17.09,7.5
193,bud,100.0,NO,2019-07-02 23:11:07,81.0,62.91,6.91,7.0,7.7
194,sao jose da coroa grande,32.0,BR,2019-07-02 23:15:10,94.0,-8.9,-35.15,21.69,0.71
195,yellowknife,90.0,CA,2019-07-02 23:15:10,87.0,62.45,-114.38,12.78,5.1
196,boone,1.0,US,2019-07-02 23:12:21,60.0,36.22,-81.67,29.44,1.08
197,batticaloa,100.0,LK,2019-07-02 23:15:11,79.0,7.71,81.69,23.89,1.12
198,ullapool,83.0,GB,2019-07-02 23:15:11,85.0,57.9,-5.16,10.56,0.45
199,pangai,75.0,TO,2019-07-02 23:15:11,78.0,-19.8,-174.35,26.0,7.7
200,kaffrine,70.0,SN,2019-07-02 23:15:11,67.0,14.1,-15.55,26.89,4.81
201,yulara,75.0,AU,2019-07-02 23:15:11,43.0,-25.24,130.99,10.0,5.7
202,wainwright,79.0,CA,2019-07-02 23:15:12,70.0,52.84,-110.86,14.99,6.54
203,khatanga,100.0,RU,2019-07-02 23:15:12,44.0,71.98,102.47,13.49,4.42
204,puerto del rosario,75.0,ES,2019-07-02 23:14:11,68.0,28.5,-13.86,22.0,9.3
205,baykit,31.0,RU,2019-07-02 23:15:12,65.0,61.68,96.39,20.49,3.53
206,iracoubo,95.0,GF,2019-07-02 23:15:13,94.0,5.48,-53.21,23.29,1.51
207,fort nelson,75.0,CA,2019-07-02 23:10:39,42.0,58.81,-122.69,20.0,5.1
208,nazilli,0.0,TR,2019-07-02 23:15:13,73.0,37.91,28.32,21.0,1.5
209,lakselv,97.0,NO,2019-07-02 23:15:13,93.0,70.05,24.96,9.0,4.6
210,kaeo,88.0,NZ,2019-07-02 23:15:13,95.0,-35.1,173.78,17.22,2.24
211,kahului,40.0,US,2019-07-02 23:15:14,41.0,20.89,-156.47,33.0,9.3
213,champerico,40.0,MX,2019-07-02 23:15:14,41.0,16.38,-93.6,34.0,0.41
214,gornopravdinsk,9.0,RU,2019-07-02 23:15:14,76.0,60.06,69.92,17.69,3.27
216,conceicao da barra,21.0,BR,2019-07-02 23:15:15,92.0,-18.59,-39.73,21.59,3.18
217,bibiani,57.0,GH,2019-07-02 23:15:15,98.0,6.45,-2.31,22.39,1.84
218,nhulunbuy,75.0,AU,2019-07-02 23:15:15,94.0,-12.18,136.78,21.0,5.29
219,rocha,50.0,UY,2019-07-02 23:15:16,77.0,-34.48,-54.34,8.89,7.17
220,nuuk,62.0,GL,2019-07-02 23:15:16,75.0,64.17,-51.74,6.0,3.6
221,marovoay,0.0,MG,2019-07-02 23:15:16,83.0,-16.11,46.64,21.0,1.41
222,flin flon,75.0,CA,2019-07-02 23:15:16,55.0,54.77,-101.88,17.0,6.7
225,mayumba,85.0,GA,2019-07-02 23:15:17,87.0,-3.44,10.65,21.79,1.32
226,kathu,0.0,ZA,2019-07-02 23:15:17,71.0,-27.7,23.05,2.22,1.7
227,tiksi,100.0,RU,2019-07-02 23:15:18,93.0,71.64,128.87,2.99,4.99
228,puro,17.0,PH,2019-07-02 23:15:18,73.0,13.13,123.76,27.69,2.05
229,urozhaynoye,100.0,RU,2019-07-02 23:15:18,91.0,47.7,142.03,9.59,6.41
230,banska stiavnica,0.0,SK,2019-07-02 23:15:18,72.0,48.45,18.91,17.22,1.5
232,mahebourg,75.0,MU,2019-07-02 23:15:19,82.0,-20.41,57.7,20.0,0.5
233,kodiak,40.0,US,2019-07-02 23:15:19,16.0,39.95,-94.76,33.33,4.6
235,omboue,63.0,GA,2019-07-02 23:15:19,83.0,-1.57,9.26,22.89,6.71
236,anloga,40.0,GH,2019-07-02 23:15:20,83.0,5.79,0.9,27.0,4.6
237,marsaxlokk,0.0,MT,2019-07-02 23:15:20,83.0,35.84,14.54,24.44,2.6
238,manggar,93.0,ID,2019-07-02 23:15:20,86.0,-2.88,108.27,25.99,2.3
239,komsomolskiy,66.0,RU,2019-07-02 23:15:21,64.0,67.55,63.78,20.09,5.58
240,karratha,39.0,AU,2019-07-02 23:15:21,31.0,-20.74,116.85,19.79,4.58
241,marsh harbour,86.0,BS,2019-07-02 23:10:43,61.0,26.54,-77.06,29.59,1.3
242,shingu,65.0,JP,2019-07-02 23:15:21,69.0,33.72,135.99,26.59,0.53
244,itagiba,75.0,BR,2019-07-02 23:15:22,76.0,-29.52,-50.57,12.22,2.1
245,westport,1.0,US,2019-07-02 23:15:22,57.0,41.14,-73.36,29.0,3.6
246,bratsk,59.0,RU,2019-07-02 23:15:22,88.0,56.15,101.63,18.0,4.0
247,erdenet,87.0,MN,2019-07-02 23:15:22,72.0,49.03,104.04,17.49,1.79
248,mocuba,18.0,MZ,2019-07-02 23:15:23,99.0,-16.84,36.99,18.99,0.49
249,sringeri,40.0,IN,2019-07-02 23:15:23,83.0,13.43,75.26,27.0,3.6
250,huambo,0.0,AO,2019-07-02 23:15:23,40.0,-12.78,15.73,9.99,2.04
251,coquimbo,0.0,CL,2019-07-02 23:10:37,87.0,-29.95,-71.34,11.0,2.1
252,porto velho,20.0,BR,2019-07-02 23:15:24,51.0,-8.75,-63.87,28.0,0.5
253,tuktoyaktuk,75.0,CA,2019-07-02 23:15:24,76.0,69.44,-133.03,10.0,7.7
254,bamako,20.0,ML,2019-07-02 23:15:24,94.0,12.65,-8.0,25.0,2.1
255,aljezur,0.0,PT,2019-07-02 23:15:24,81.0,37.31,-8.8,18.89,7.18
256,awjilah,0.0,LY,2019-07-02 23:15:25,72.0,29.14,21.3,22.09,5.2
257,belaya gora,72.0,RU,2019-07-02 23:15:25,62.0,68.54,146.19,13.69,5.43
258,tacoronte,75.0,ES,2019-07-02 23:15:25,82.0,28.48,-16.41,22.22,9.3
259,albolote,0.0,ES,2019-07-02 23:15:25,53.0,37.23,-3.66,25.0,4.1
260,port elizabeth,1.0,US,2019-07-02 23:15:26,55.0,39.31,-74.98,32.22,2.6
261,chapais,1.0,CA,2019-07-02 23:15:26,35.0,49.78,-74.86,23.0,5.7
262,tuatapere,67.0,NZ,2019-07-02 23:15:26,77.0,-46.13,167.69,13.89,0.89
263,iskateley,100.0,RU,2019-07-02 23:15:26,94.0,67.68,53.15,14.79,4.03
264,alice springs,0.0,AU,2019-07-02 23:14:19,52.0,-23.7,133.88,7.0,1.5
265,cidreira,11.0,BR,2019-07-02 23:15:27,68.0,-30.17,-50.22,12.09,2.46
266,sambava,37.0,MG,2019-07-02 23:15:27,95.0,-14.27,50.17,18.29,1.47
267,outlook,53.0,CA,2019-07-02 23:15:27,39.0,51.48,-107.04,20.0,4.92
268,eau claire,1.0,US,2019-07-02 23:13:04,54.0,44.81,-91.5,28.89,2.6
269,pailon,20.0,BO,2019-07-02 23:15:28,83.0,-17.66,-62.72,23.0,8.2
270,upernavik,0.0,GL,2019-07-02 23:13:31,83.0,72.79,-56.15,4.69,4.1
271,flinders,75.0,AU,2019-07-02 23:13:11,61.0,-34.58,150.85,17.22,3.6
272,tutoia,0.0,BR,2019-07-02 23:15:28,83.0,-2.76,-42.27,27.0,4.1
273,paamiut,0.0,GL,2019-07-02 23:15:29,86.0,61.99,-49.67,3.99,6.61
274,codrington,75.0,AU,2019-07-02 23:15:29,93.0,-28.95,153.24,15.0,3.1
275,miles city,1.0,US,2019-07-02 23:15:29,49.0,46.41,-105.84,23.0,6.7
277,college,20.0,US,2019-07-02 23:15:30,37.0,64.86,-147.8,22.78,2.6
278,marathon,0.0,CA,2019-07-02 23:15:30,63.0,48.72,-86.38,17.19,3.44
279,nortelandia,0.0,BR,2019-07-02 23:15:30,45.0,-14.45,-56.8,22.69,2.24
280,vao,100.0,EE,2019-07-02 23:15:30,97.0,59.1,26.19,12.09,4.75
281,fram,90.0,PY,2019-07-02 23:15:31,100.0,-27.1,-56.02,15.0,2.1
282,pacific grove,1.0,US,2019-07-02 23:15:31,59.0,36.62,-121.92,27.22,4.6
283,sola,0.0,TZ,2019-07-02 23:15:31,68.0,-3.17,33.8,17.99,2.4
284,miri,100.0,NG,2019-07-02 23:15:32,87.0,10.31,9.75,21.69,3.13
285,ponta do sol,38.0,BR,2019-07-02 23:15:32,51.0,-20.63,-46.0,16.99,1.87
286,cabo san lucas,5.0,MX,2019-07-02 23:12:16,61.0,22.89,-109.91,31.11,4.1
287,muros,90.0,ES,2019-07-02 23:15:32,87.0,42.77,-9.06,18.89,4.6
288,praia,0.0,BR,2019-07-02 23:15:33,59.0,-20.25,-43.81,20.0,0.71
289,carnarvon,0.0,ZA,2019-07-02 23:15:33,56.0,-30.97,22.13,5.49,3.1
290,iquique,90.0,CL,2019-07-02 23:15:33,77.0,-20.22,-70.14,16.0,2.1
291,daru,42.0,PG,2019-07-02 23:15:34,78.0,-9.07,143.21,25.29,4.15
292,strelka,5.0,RU,2019-07-02 23:15:34,66.0,58.08,93.03,21.79,1.65
293,dauriya,0.0,RU,2019-07-02 23:15:34,43.0,49.93,116.85,24.09,3.37
294,kjopsvik,0.0,NO,2019-07-02 23:15:34,81.0,68.1,16.37,9.44,5.1
295,iqaluit,20.0,CA,2019-07-02 23:15:35,65.0,63.75,-68.52,7.0,4.1
296,huron,1.0,US,2019-07-02 23:15:35,48.0,44.36,-98.21,31.0,1.5
297,nicoya,75.0,CR,2019-07-02 23:15:35,62.0,10.15,-85.45,30.0,4.6
298,tobol,51.0,SE,2019-07-02 23:15:36,61.0,59.83,12.54,10.0,2.6
299,temiscaming,20.0,CA,2019-07-02 23:15:36,44.0,46.72,-79.1,27.0,4.1
300,griffith,0.0,AU,2019-07-02 23:12:00,100.0,-34.29,146.06,2.0,0.5
301,san cristobal,66.0,HN,2019-07-02 23:15:36,55.0,14.68,-86.92,23.89,2.94
302,durban,72.0,CA,2019-07-02 23:15:37,72.0,51.93,-101.44,16.39,6.1
304,muscatine,20.0,US,2019-07-02 23:15:37,49.0,41.42,-91.04,34.0,4.1
305,elat,100.0,CM,2019-07-02 23:15:37,99.0,2.91,11.16,19.69,1.04
306,marystown,99.0,CA,2019-07-02 23:15:38,98.0,47.17,-55.16,12.59,1.2
307,chuy,79.0,UY,2019-07-02 23:15:38,75.0,-33.69,-53.46,11.19,8.38
308,beloha,2.0,MG,2019-07-02 23:15:38,87.0,-25.17,45.06,19.39,2.08
309,belmonte,9.0,PT,2019-07-02 23:15:38,56.0,40.36,-7.35,17.78,0.37
310,bathsheba,40.0,BB,2019-07-02 23:15:39,69.0,13.22,-59.52,28.0,5.7
312,kamenka,32.0,MD,2019-07-02 23:15:39,93.0,48.03,28.7,18.33,1.7
313,nome,90.0,US,2019-07-02 23:15:39,78.0,30.04,-94.42,28.0,4.6
314,lima,90.0,PE,2019-07-02 23:15:40,88.0,-12.06,-77.04,17.0,5.1
315,taoudenni,0.0,ML,2019-07-02 23:10:50,10.0,22.68,-3.98,37.09,3.87
317,varkaus,0.0,FI,2019-07-02 23:15:40,93.0,62.32,27.87,13.0,1.0
318,kisangani,15.0,CD,2019-07-02 23:15:41,76.0,0.52,25.21,22.49,0.45
319,talnakh,0.0,RU,2019-07-02 23:15:41,45.0,69.49,88.39,19.0,3.0
320,channel-port aux basques,100.0,CA,2019-07-02 23:15:41,97.0,47.57,-59.14,9.89,5.63
321,taltal,30.0,CL,2019-07-02 23:15:41,84.0,-25.41,-70.49,9.89,1.65
322,dicabisagan,100.0,PH,2019-07-02 23:15:42,78.0,17.08,122.42,27.19,0.61
323,sterling,75.0,US,2019-07-02 23:15:42,69.0,39.0,-77.4,30.0,1.5
324,lydenburg,0.0,ZA,2019-07-02 23:15:13,81.0,-25.1,30.46,6.67,2.24
326,cuamba,58.0,MZ,2019-07-02 23:15:43,77.0,-14.8,36.54,20.19,1.04
327,grindavik,75.0,IS,2019-07-02 23:15:43,87.0,63.84,-22.43,12.0,6.2
328,road town,20.0,VG,2019-07-02 23:15:43,66.0,18.42,-64.62,30.0,2.1
329,grand gaube,75.0,MU,2019-07-02 23:14:34,82.0,-20.01,57.66,20.0,0.5
330,ngunguru,94.0,NZ,2019-07-02 23:15:44,95.0,-35.62,174.5,17.22,2.24
331,rock springs,40.0,US,2019-07-02 23:15:44,22.0,41.59,-109.2,26.0,3.1
332,vila velha,40.0,BR,2019-07-02 23:15:44,78.0,-3.71,-38.6,27.0,4.1
333,vostok,87.0,RU,2019-07-02 23:15:45,72.0,46.45,135.83,19.29,0.72
334,nishihara,75.0,JP,2019-07-02 23:15:45,83.0,35.74,139.53,27.22,1.5
335,faanui,77.0,PF,2019-07-02 23:15:45,82.0,-16.48,-151.75,24.99,14.35
336,maloy,100.0,ID,2019-07-02 23:15:45,99.0,1.0,118.1,24.09,1.02
337,wahiawa,90.0,US,2019-07-02 23:15:46,62.0,21.5,-158.02,32.0,2.1
338,bubaque,64.0,GW,2019-07-02 23:15:46,87.0,11.28,-15.83,26.89,6.39
339,ewa beach,40.0,US,2019-07-02 23:15:46,46.0,21.32,-158.01,32.0,5.1
340,nikolskoye,75.0,RU,2019-07-02 23:15:47,77.0,59.7,30.79,15.0,1.0
341,lieksa,66.0,FI,2019-07-02 23:15:47,84.0,63.32,30.02,9.89,2.49
342,zhucheng,95.0,CN,2019-07-02 23:15:47,83.0,30.85,114.8,26.0,2.0
343,yantal,54.0,RU,2019-07-02 23:15:48,55.0,56.85,105.25,22.39,3.87
344,marrakesh,0.0,MA,2019-07-02 23:15:48,53.0,31.63,-7.99,22.0,2.6
345,kosa,75.0,JP,2019-07-02 23:15:48,100.0,32.67,130.82,21.0,1.5
346,viedma,85.0,AR,2019-07-02 23:15:48,62.0,-40.81,-62.99,7.19,10.25
349,goshen,1.0,US,2019-07-02 23:13:45,78.0,41.58,-85.83,31.0,2.6
350,batala,0.0,IN,2019-07-02 23:15:49,66.0,31.82,75.2,30.0,2.6
351,sovetskiy,5.0,RU,2019-07-02 23:15:50,97.0,56.76,48.47,11.99,3.86
352,plouzane,0.0,FR,2019-07-02 23:15:50,87.0,48.38,-4.62,14.0,4.1
353,caravelas,9.0,BR,2019-07-02 23:13:50,88.0,-17.73,-39.27,23.19,4.98
354,sukhothai,100.0,TH,2019-07-02 23:15:26,98.0,17.01,99.82,26.67,1.47
355,lavrentiya,100.0,RU,2019-07-02 23:15:26,96.0,65.58,-170.99,6.69,1.82
356,ambatofinandrahana,0.0,MG,2019-07-02 23:15:51,66.0,-20.55,46.8,11.59,1.1
357,mouila,89.0,GA,2019-07-02 23:15:51,79.0,-1.86,11.06,21.49,1.33
358,aripuana,0.0,BR,2019-07-02 23:15:51,56.0,-9.17,-60.63,25.09,0.79
359,ponta delgada,20.0,PT,2019-07-02 23:15:28,100.0,37.73,-25.67,20.0,5.1
360,ayagoz,71.0,KZ,2019-07-02 23:15:52,54.0,47.96,80.43,13.79,3.25
361,benguela,36.0,AO,2019-07-02 23:15:52,83.0,-12.58,13.4,21.49,1.76
363,norheimsund,75.0,NO,2019-07-02 23:15:53,93.0,60.37,6.14,9.44,10.3
365,qingyuan,100.0,CN,2019-07-02 23:15:53,94.0,27.62,119.06,24.49,1.02
366,baruun-urt,26.0,MN,2019-07-02 23:13:11,41.0,46.68,113.28,21.89,2.27
367,gornoye loo,0.0,RU,2019-07-02 23:15:54,77.0,43.72,39.61,19.0,2.17
368,lakhipur,91.0,IN,2019-07-02 23:15:54,83.0,26.03,90.3,27.59,3.15
370,aykhal,0.0,RU,2019-07-02 23:15:54,65.0,65.95,111.51,7.0,4.0
371,nanortalik,88.0,GL,2019-07-02 23:15:55,93.0,60.14,-45.24,2.59,1.73
372,north bend,20.0,US,2019-07-02 23:15:55,63.0,43.41,-124.22,22.78,7.2
373,beringovskiy,27.0,RU,2019-07-02 23:15:55,48.0,63.05,179.32,16.09,2.15
374,djambala,55.0,CG,2019-07-02 23:15:55,62.0,-2.55,14.76,22.69,1.46
375,porto walter,0.0,BR,2019-07-02 23:11:06,75.0,-8.27,-72.74,25.09,1.4
376,playas,23.0,EC,2019-07-02 23:15:56,87.0,-2.64,-80.39,21.39,5.53
377,alyangula,19.0,AU,2019-07-02 23:13:41,100.0,-13.85,136.42,14.0,7.02
378,marzuq,46.0,YE,2019-07-02 23:15:56,33.0,14.4,46.47,26.09,2.03
379,victoria,75.0,BN,2019-07-02 23:11:59,94.0,5.28,115.24,26.0,4.13
380,namatanai,81.0,PG,2019-07-02 23:15:57,85.0,-3.66,152.44,26.19,6.84
381,atambua,83.0,ID,2019-07-02 23:15:57,74.0,-9.11,124.89,25.79,6.08
383,zhigansk,98.0,RU,2019-07-02 23:15:58,67.0,66.77,123.37,8.69,10.92
384,auki,98.0,NG,2019-07-02 23:15:58,72.0,12.18,6.51,26.29,6.09
385,loa janan,99.0,ID,2019-07-02 23:15:58,83.0,-0.58,117.09,26.39,1.22
386,saint anthony,1.0,US,2019-07-02 23:15:58,32.0,43.97,-111.68,28.0,6.2
387,la ronge,90.0,CA,2019-07-02 23:15:59,76.0,55.1,-105.3,12.0,5.7
388,bilma,0.0,NE,2019-07-02 23:15:59,27.0,18.69,12.92,33.39,4.66
389,kudahuvadhoo,98.0,MV,2019-07-02 23:15:59,68.0,2.67,72.89,28.49,3.34
390,ranong,100.0,TH,2019-07-02 23:16:00,78.0,9.96,98.62,28.39,8.38
391,bulungu,4.0,CD,2019-07-02 23:16:00,43.0,-4.54,18.6,22.59,0.62
392,amnat charoen,100.0,TH,2019-07-02 23:16:00,93.0,15.86,104.63,22.19,8.22
393,aranos,0.0,NA,2019-07-02 23:16:01,38.0,-24.14,19.11,5.99,4.24
394,san andres,68.0,PH,2019-07-02 23:16:01,71.0,13.32,122.68,29.19,1.82
395,calvinia,34.0,ZA,2019-07-02 23:16:01,46.0,-31.47,19.78,8.49,1.56
396,fonte boa,56.0,BR,2019-07-02 23:16:01,82.0,-2.51,-66.09,25.89,2.51
397,poum,0.0,MK,2019-07-02 23:16:02,48.0,41.28,20.71,16.79,0.87
398,ayan,0.0,IR,2019-07-02 23:16:02,56.0,38.23,44.7,7.59,1.54
399,tarakan,75.0,ID,2019-07-02 23:12:25,88.0,3.3,117.63,26.0,1.5
400,botwood,90.0,CA,2019-07-02 23:16:02,100.0,49.14,-55.34,9.0,4.6
401,tygda,83.0,RU,2019-07-02 23:16:03,51.0,53.11,126.33,21.19,0.71
402,leningradskiy,100.0,RU,2019-07-02 23:16:03,96.0,69.38,178.42,3.09,2.14
403,yatou,100.0,CM,2019-07-02 23:16:04,87.0,3.63,9.81,25.69,7.65
404,te anau,44.0,NZ,2019-07-02 23:16:04,92.0,-45.41,167.72,7.79,0.94
405,rey bouba,78.0,CM,2019-07-02 23:16:04,78.0,8.67,14.18,24.09,1.52
408,santa maria,0.0,BR,2019-07-02 23:14:50,38.0,-16.02,-48.01,24.0,1.5
409,longjiang,72.0,CN,2019-07-02 23:16:05,61.0,47.33,123.18,20.69,2.71
410,charters towers,0.0,AU,2019-07-02 23:16:05,54.0,-20.07,146.27,19.69,2.46
411,ajdabiya,0.0,LY,2019-07-02 23:16:06,79.0,30.75,20.22,23.99,4.39
412,puerto carreno,40.0,CO,2019-07-02 23:16:06,70.0,6.19,-67.49,29.0,1.5
413,aswan,0.0,EG,2019-07-02 23:15:57,24.0,24.09,32.9,34.0,5.7
414,kushiro,40.0,JP,2019-07-02 23:16:06,100.0,43.11,144.15,18.0,2.6
415,ust-tsilma,100.0,RU,2019-07-02 23:16:07,98.0,65.44,52.15,14.79,2.09
416,gazanjyk,0.0,TM,2019-07-02 23:16:07,42.0,39.24,55.52,23.79,3.59
417,woodward,40.0,US,2019-07-02 23:16:07,57.0,36.43,-99.39,33.89,7.62
418,micoud,20.0,LC,2019-07-02 23:16:07,74.0,13.82,-60.9,28.0,6.2
419,ossora,91.0,RU,2019-07-02 23:16:08,75.0,59.24,163.07,15.19,2.34
420,faya,5.0,SA,2019-07-02 23:16:08,31.0,18.39,42.45,23.0,1.5
421,itarema,22.0,BR,2019-07-02 23:16:08,89.0,-2.92,-39.92,23.39,2.54
422,fort frances,1.0,CA,2019-07-02 23:16:09,42.0,48.61,-93.4,29.0,4.6
423,lagos,40.0,NG,2019-07-02 23:16:09,88.0,6.46,3.39,26.0,1.0
424,khazar,0.0,RU,2019-07-02 23:16:09,43.0,41.99,48.34,18.59,3.1
425,opuwo,0.0,NA,2019-07-02 23:16:10,26.0,-18.06,13.84,10.99,3.46
426,lasa,0.0,CY,2019-07-02 23:16:10,64.0,34.92,32.53,26.0,2.6
428,aras,75.0,ES,2019-07-02 23:16:10,88.0,42.56,-2.36,18.33,4.6
429,constantine,40.0,DZ,2019-07-02 23:13:11,64.0,36.36,6.61,22.0,0.05
430,winslow,6.0,GB,2019-07-02 23:16:11,71.0,51.94,-0.88,13.89,2.6
431,petauke,1.0,ZM,2019-07-02 23:16:11,64.0,-14.25,31.33,18.79,3.17
432,lithakia,0.0,GR,2019-07-02 23:16:11,78.0,37.72,20.83,23.89,1.52
433,ko samui,20.0,TH,2019-07-02 23:16:12,74.0,9.54,99.94,29.0,3.6
434,carroll,36.0,AU,2019-07-02 23:16:12,66.0,-30.99,150.44,11.0,2.6
435,caboolture,20.0,AU,2019-07-02 23:16:12,87.0,-27.08,152.95,18.89,6.2
436,marsa matruh,0.0,EG,2019-07-02 23:13:30,83.0,31.35,27.25,25.0,3.1
437,brezova pod bradlom,76.0,SK,2019-07-02 23:16:13,87.0,48.66,17.54,19.0,1.0
438,vazante,0.0,BR,2019-07-02 23:16:13,53.0,-17.99,-46.9,17.69,0.68
439,hasaki,75.0,JP,2019-07-02 23:16:14,83.0,35.73,140.83,26.11,3.6
441,verkhoyansk,100.0,RU,2019-07-02 23:16:14,65.0,67.55,133.39,9.09,6.71
442,pontianak,99.0,ID,2019-07-02 23:16:14,84.0,-0.02,109.34,27.79,6.58
443,mango,94.0,CF,2019-07-02 23:16:15,98.0,4.65,22.36,21.19,0.69
444,san quintin,100.0,PH,2019-07-02 23:16:15,81.0,17.54,120.52,26.09,1.15
445,carndonagh,20.0,IE,2019-07-02 23:16:15,77.0,55.25,-7.27,12.39,2.24
446,fairview,75.0,CA,2019-07-02 23:16:16,55.0,56.07,-118.38,16.11,3.6
447,sitka,40.0,US,2019-07-02 23:16:16,33.0,37.17,-99.65,32.89,2.27
449,coahuayana,0.0,MX,2019-07-02 23:16:16,63.0,18.62,-100.35,30.09,0.55
450,velikiy ustyug,86.0,RU,2019-07-02 23:16:17,92.0,60.76,46.3,10.99,0.94
451,tecolutla,86.0,MX,2019-07-02 23:16:17,88.0,17.31,-98.74,19.39,1.74
452,tateyama,56.0,JP,2019-07-02 23:16:17,73.0,36.66,137.31,27.78,0.5
453,praia da vitoria,75.0,PT,2019-07-02 23:16:18,88.0,38.73,-27.07,22.0,3.09
454,invermere,100.0,CA,2019-07-02 23:16:18,69.0,50.51,-116.03,15.56,0.54
455,taman,0.0,RU,2019-07-02 23:16:18,100.0,45.22,36.72,16.0,3.0
456,palana,99.0,RU,2019-07-02 23:16:18,95.0,59.08,159.95,8.39,5.78
457,goderich,99.0,CA,2019-07-02 23:16:19,89.0,43.74,-81.71,23.33,0.45
458,barra patuca,27.0,HN,2019-07-02 23:16:19,83.0,15.8,-84.28,27.79,5.72
459,ternate,75.0,PH,2019-07-02 23:16:20,83.0,14.29,120.72,28.89,2.1
460,lepley,0.0,RU,2019-07-02 23:16:20,92.0,54.31,42.86,12.09,2.94
461,hoa binh,100.0,VN,2019-07-02 23:16:20,94.0,20.81,105.34,28.0,2.1
462,margate,20.0,AU,2019-07-02 23:16:21,75.0,-43.03,147.26,10.0,3.6
464,san rafael del sur,40.0,NI,2019-07-02 23:16:21,88.0,11.85,-86.44,28.0,6.2
465,yurty,75.0,RU,2019-07-02 23:16:21,92.0,56.05,97.64,15.29,2.78
466,valparaiso,1.0,US,2019-07-02 23:12:29,22.0,41.47,-87.06,33.33,3.6
467,sechura,3.0,PE,2019-07-02 23:16:22,87.0,-5.56,-80.82,18.29,7.32
468,rundu,0.0,NA,2019-07-02 23:16:22,30.0,-17.91,19.77,13.0,2.1
469,mahibadhoo,100.0,MV,2019-07-02 23:16:23,66.0,3.78,72.97,28.49,3.02
470,ponnani,75.0,IN,2019-07-02 23:16:23,94.0,10.77,75.93,26.0,5.76
471,russell,20.0,US,2019-07-02 23:12:14,38.0,38.9,-98.86,33.33,4.1
472,uni,27.0,RU,2019-07-02 23:16:23,84.0,57.75,51.49,12.49,1.37
473,campbell river,75.0,CA,2019-07-02 23:15:01,64.0,50.02,-125.24,22.78,4.6
474,batagay-alyta,100.0,RU,2019-07-02 23:16:24,94.0,67.8,130.41,2.19,2.96
475,denpasar,75.0,ID,2019-07-02 23:14:09,94.0,-8.65,115.22,26.0,5.1
477,roald,90.0,NO,2019-07-02 23:16:25,81.0,62.58,6.12,7.0,5.7
478,enshi,67.0,CN,2019-07-02 23:16:25,73.0,30.29,109.48,19.99,1.25
479,ambilobe,13.0,MG,2019-07-02 23:16:25,85.0,-13.19,49.05,20.79,1.72
480,lata,0.0,IN,2019-07-02 23:16:26,67.0,30.78,78.62,3.89,1.22
481,turochak,60.0,RU,2019-07-02 23:16:26,91.0,52.26,87.12,11.79,1.01
482,smithers,40.0,CA,2019-07-02 23:16:26,39.0,54.78,-127.17,27.0,3.1
483,arlit,79.0,NE,2019-07-02 23:16:27,10.0,18.74,7.39,36.79,6.4
484,bow island,75.0,CA,2019-07-02 23:16:27,34.0,49.87,-111.38,20.0,6.2
485,nelson bay,20.0,AU,2019-07-02 23:16:27,87.0,-32.72,152.14,14.44,4.6
487,huanren,18.0,CN,2019-07-02 23:16:28,65.0,41.26,125.37,20.99,2.47
488,lazaro cardenas,75.0,MX,2019-07-02 23:16:28,27.0,28.39,-105.62,30.0,8.2
489,kieta,28.0,PG,2019-07-02 23:16:29,71.0,-6.22,155.63,27.69,0.84
490,salalah,75.0,OM,2019-07-02 23:16:29,88.0,17.01,54.1,28.0,2.6
491,zyryanka,100.0,RU,2019-07-02 23:16:29,83.0,65.73,150.89,12.49,4.91
492,antofagasta,90.0,CL,2019-07-02 23:11:45,82.0,-23.65,-70.4,13.0,5.1
493,krasnaya gorbatka,0.0,RU,2019-07-02 23:16:30,95.0,55.87,41.76,11.49,2.94
494,baft,42.0,IR,2019-07-02 23:16:30,24.0,29.23,56.61,18.59,1.47
495,kyshtovka,1.0,RU,2019-07-02 23:16:30,89.0,56.56,76.62,16.39,1.29
496,berlevag,75.0,NO,2019-07-02 23:16:31,93.0,70.86,29.09,8.0,1.0
497,blagoyevo,100.0,RU,2019-07-02 23:16:31,86.0,63.37,47.92,12.39,1.47
498,bambous virieux,75.0,MU,2019-07-02 23:13:49,82.0,-20.34,57.76,20.0,0.5
499,houma,43.0,CN,2019-07-02 23:16:32,31.0,35.63,111.36,28.79,1.04
501,hobe sound,1.0,US,2019-07-02 23:16:19,74.0,27.06,-80.14,31.11,1.66
502,liverpool,20.0,GB,2019-07-02 23:13:53,71.0,53.41,-2.98,14.0,2.6
503,yar-sale,0.0,RU,2019-07-02 23:16:32,54.0,66.83,70.83,20.39,3.47
505,dangriga,20.0,BZ,2019-07-02 23:16:33,70.0,16.97,-88.23,31.0,4.1
506,unidos,96.0,PH,2019-07-02 23:16:33,87.0,8.59,123.67,24.99,0.41
507,chumikan,88.0,RU,2019-07-02 23:16:34,65.0,54.72,135.31,15.59,2.85
508,elizabeth city,1.0,US,2019-07-02 23:14:11,52.0,36.3,-76.22,34.0,3.1
509,puttlingen,0.0,DE,2019-07-02 23:16:34,55.0,49.29,6.89,17.22,4.1
510,alofi,75.0,NU,2019-07-02 23:14:51,74.0,-19.06,-169.92,26.0,7.2
511,manama,0.0,AE,2019-07-02 23:16:35,66.0,25.33,56.02,33.0,3.1
512,ixtapa,20.0,MX,2019-07-02 23:16:35,62.0,20.71,-105.21,30.56,4.6
513,kalemie,1.0,CD,2019-07-02 23:16:36,61.0,-5.95,29.2,18.29,1.88
514,cheney,40.0,US,2019-07-02 23:16:36,38.0,47.49,-117.58,25.56,4.6
515,nouadhibou,0.0,MR,2019-07-02 23:16:36,82.0,20.93,-17.03,20.0,7.2
516,zheleznodorozhnyy,0.0,RU,2019-07-02 23:12:28,82.0,55.75,38.0,16.67,2.0
517,lodja,3.0,CD,2019-07-02 23:16:37,52.0,-3.52,23.6,21.79,0.66
518,hami,30.0,CN,2019-07-02 23:16:37,17.0,42.84,93.51,30.89,2.09
519,srednekolymsk,100.0,RU,2019-07-02 23:16:37,55.0,67.46,153.71,13.79,5.68
520,kidal,0.0,ML,2019-07-02 23:12:47,34.0,18.44,1.41,31.79,13.65
522,newport,93.0,GB,2019-07-02 23:16:38,66.0,51.59,-3.0,14.44,3.6
523,conceicao do araguaia,1.0,BR,2019-07-02 23:12:43,58.0,-8.26,-49.26,24.09,0.87
524,katobu,53.0,ID,2019-07-02 23:16:39,89.0,-4.94,122.53,24.39,1.15
525,yarada,75.0,IN,2019-07-02 23:16:39,78.0,17.65,83.27,28.0,4.1
526,krasnoyarskaya,31.0,RU,2019-07-02 23:16:39,79.0,47.65,42.04,20.79,3.56
527,igarka,58.0,RU,2019-07-02 23:16:40,51.0,67.47,86.57,19.99,2.45
528,conway,40.0,US,2019-07-02 23:16:40,62.0,35.09,-92.44,33.89,2.6
529,camacha,20.0,PT,2019-07-02 23:16:40,68.0,33.08,-16.33,21.0,6.7
530,kaitong,100.0,CN,2019-07-02 23:16:41,59.0,44.81,123.15,23.69,1.92
531,traverse city,75.0,US,2019-07-02 23:12:36,83.0,44.76,-85.62,25.0,2.1
532,kigoma,0.0,TZ,2019-07-02 23:16:41,57.0,-4.88,29.64,24.79,1.05
533,cherdyn,100.0,RU,2019-07-02 23:16:41,98.0,60.4,56.48,14.39,3.11
534,kosh-agach,0.0,RU,2019-07-02 23:16:42,61.0,49.99,88.66,7.09,1.34
535,wanlaweyn,72.0,SO,2019-07-02 23:16:42,84.0,2.62,44.89,22.69,3.88
536,buraydah,0.0,SA,2019-07-02 23:16:43,24.0,26.33,43.97,33.0,4.1
537,uhlove,0.0,UA,2019-07-02 23:16:43,75.0,44.82,33.6,22.69,3.03
538,peterhead,75.0,AU,2019-07-02 23:16:43,100.0,-34.83,138.5,13.33,2.36
539,port hedland,2.0,AU,2019-07-02 23:16:44,51.0,-20.31,118.58,15.0,3.6
540,cam ranh,20.0,VN,2019-07-02 23:16:44,74.0,11.92,109.15,29.0,10.8
541,atherton,40.0,AU,2019-07-02 23:16:44,73.0,-17.27,145.48,21.67,2.6
542,lompoc,1.0,US,2019-07-02 23:14:23,63.0,34.64,-120.46,27.78,8.7
543,muli,100.0,CN,2019-07-02 23:16:45,74.0,28.08,109.56,23.39,0.87
544,kampong thum,100.0,KH,2019-07-02 23:16:45,79.0,12.71,104.89,26.19,5.16
545,coihaique,90.0,CL,2019-07-02 23:12:54,86.0,-45.58,-72.07,3.0,1.5
546,ballina,0.0,IE,2019-07-02 23:16:45,90.0,54.11,-9.15,12.22,2.34
547,hare bay,90.0,CA,2019-07-02 23:16:46,100.0,48.86,-53.99,9.0,4.6
548,shimoda,75.0,JP,2019-07-02 23:16:46,88.0,34.7,138.93,25.0,3.1
549,union,1.0,US,2019-07-02 23:12:19,51.0,40.7,-74.26,31.11,4.1
550,borovoy,100.0,RU,2019-07-02 23:16:47,97.0,63.23,52.89,14.89,3.84
551,ucluelet,90.0,CA,2019-07-02 23:15:59,82.0,48.94,-125.55,21.67,3.6
552,rio grande,0.0,BR,2019-07-02 23:16:47,71.0,-32.03,-52.1,12.0,2.1
553,huarmey,19.0,PE,2019-07-02 23:14:50,89.0,-10.07,-78.15,17.29,9.52
554,ankang,96.0,CN,2019-07-02 23:16:48,67.0,32.73,108.99,21.99,0.89
555,montego bay,20.0,JM,2019-07-02 23:13:13,74.0,18.47,-77.92,30.56,6.7
556,morgan city,1.0,US,2019-07-02 23:16:48,83.0,29.7,-91.21,27.78,3.6
557,saint-pierre,0.0,FR,2019-07-02 23:16:49,72.0,48.95,4.24,18.0,3.6
558,iranshahr,0.0,IR,2019-07-02 23:16:49,53.0,27.21,60.69,27.39,1.02
559,halifax,75.0,CA,2019-07-02 23:13:34,68.0,44.65,-63.58,19.0,5.7
560,miraflores,1.0,PE,2019-07-02 23:15:05,93.0,-16.39,-71.52,9.59,0.46
561,ola,89.0,RU,2019-07-02 23:16:50,93.0,59.58,151.3,7.59,4.01
563,morant bay,40.0,JM,2019-07-02 23:13:57,70.0,17.88,-76.41,29.0,7.2
566,ningxiang,58.0,CN,2019-07-02 23:16:51,78.0,28.28,112.55,26.0,4.0
567,tilichiki,87.0,RU,2019-07-02 23:16:51,63.0,60.47,166.1,14.59,5.07
568,kibala,0.0,TD,2019-07-02 23:16:51,74.0,9.11,18.35,29.0,1.58
569,maniitsoq,66.0,GL,2019-07-02 23:16:52,78.0,65.42,-52.9,4.49,3.04
570,tacuarembo,0.0,UY,2019-07-02 23:15:08,85.0,-31.73,-55.98,7.99,5.09
572,port macquarie,46.0,AU,2019-07-02 23:14:37,81.0,-31.43,152.91,13.89,3.1
573,chingirlau,2.0,KZ,2019-07-02 23:16:53,91.0,51.09,54.08,15.39,2.66
574,lukang,75.0,TW,2019-07-02 23:16:53,94.0,24.06,120.44,27.22,3.6
575,oranjemund,0.0,ZA,2019-07-02 23:16:54,75.0,-28.55,16.43,13.59,6.61
576,coffs harbour,14.0,AU,2019-07-02 23:16:54,93.0,-30.3,153.13,14.0,3.1
577,anaconda,75.0,US,2019-07-02 23:16:54,31.0,46.13,-112.94,25.0,5.1
579,pangkalanbuun,83.0,ID,2019-07-02 23:13:52,91.0,-2.68,111.62,25.19,0.77
580,zavyalovo,0.0,RU,2019-07-02 23:16:55,93.0,54.51,82.45,15.0,3.0
581,klaksvik,40.0,FO,2019-07-02 23:16:55,81.0,62.23,-6.59,7.0,3.6
582,panaba,0.0,MX,2019-07-02 23:16:56,74.0,21.28,-88.27,28.29,5.94
583,teluknaga,20.0,ID,2019-07-02 23:16:56,78.0,-6.1,106.64,25.0,3.6
584,oksbol,61.0,DK,2019-07-02 23:16:56,93.0,55.63,8.29,12.22,5.7
585,calama,0.0,CL,2019-07-02 23:16:57,15.0,-22.46,-68.93,15.0,7.2
586,komatipoort,0.0,MZ,2019-07-02 23:16:57,77.0,-25.43,31.96,8.33,2.07
587,wuzhou,69.0,CN,2019-07-02 23:16:57,87.0,23.48,111.3,27.09,3.25
588,rafai,76.0,CF,2019-07-02 23:16:58,97.0,4.95,23.92,20.09,0.52
590,hay river,75.0,CA,2019-07-02 23:16:58,76.0,60.82,-115.79,14.0,3.1
591,kainantu,84.0,PG,2019-07-02 23:16:58,80.0,-6.29,145.87,18.59,1.07
592,harper,1.0,US,2019-07-02 23:16:59,49.0,30.3,-99.24,32.0,5.7
593,talara,0.0,PE,2019-07-02 23:16:59,290.0,-4.58,-81.27,17.0,5.1
594,sao felix do xingu,8.0,BR,2019-07-02 23:16:59,61.0,-6.64,-51.99,23.79,1.08
595,panalingaan,100.0,PH,2019-07-02 23:17:00,74.0,8.78,117.42,28.99,5.29
596,vredendal,66.0,ZA,2019-07-02 23:17:00,78.0,-31.68,18.49,13.69,5.13
597,malegaon,100.0,IN,2019-07-02 23:17:00,81.0,20.56,74.52,24.89,4.57
598,finnsnes,1.0,NO,2019-07-02 23:17:01,100.0,69.23,17.98,7.0,4.6
600,gat,1.0,SN,2019-07-02 23:17:01,78.0,14.69,-16.54,25.0,4.6
601,yaan,100.0,NG,2019-07-02 23:17:02,94.0,7.38,8.57,24.19,3.06
602,juba,0.0,EE,2019-07-02 23:17:02,93.0,57.82,26.93,13.0,5.1
603,mountain home,20.0,US,2019-07-02 23:17:02,21.0,43.13,-115.69,28.0,9.8
604,sawakin,0.0,SD,2019-07-02 23:17:03,24.0,19.1,37.33,29.79,1.5
605,urdoma,98.0,RU,2019-07-02 23:17:03,98.0,61.74,48.55,12.49,1.05
606,aleksandrovskiy zavod,0.0,RU,2019-07-02 23:17:03,47.0,50.92,117.94,22.29,1.3
608,beaumont,90.0,US,2019-07-02 23:17:04,78.0,30.09,-94.1,28.0,4.6
609,el campo,1.0,US,2019-07-02 23:17:04,78.0,29.2,-96.27,28.33,4.1
610,havre-saint-pierre,1.0,CA,2019-07-02 23:17:05,76.0,50.23,-63.6,14.0,3.6
611,coxim,0.0,BR,2019-07-02 23:17:05,43.0,-18.5,-54.75,23.49,2.35
612,kenai,1.0,US,2019-07-02 23:17:05,60.0,60.55,-151.26,23.89,3.1
613,lukashin,0.0,AM,2019-07-02 23:17:06,40.0,40.19,44.0,20.0,2.6
614,kutum,100.0,SD,2019-07-02 23:17:06,64.0,14.2,24.66,23.59,3.25
615,port-gentil,20.0,GA,2019-07-02 23:17:06,88.0,-0.72,8.78,23.0,4.6
616,okhotsk,100.0,RU,2019-07-02 23:17:07,74.0,59.36,143.24,11.99,7.81
617,ciudad bolivar,97.0,VE,2019-07-02 23:17:07,65.0,8.12,-63.55,27.29,2.85
618,saldanha,0.0,PT,2019-07-02 23:17:07,56.0,41.42,-6.55,20.39,1.32
619,floresta,3.0,BR,2019-07-02 23:17:08,60.0,-8.6,-38.57,23.49,4.98
620,levelland,90.0,US,2019-07-02 23:17:08,39.0,33.59,-102.38,28.0,4.1
621,russellville,40.0,US,2019-07-02 23:17:08,62.0,35.28,-93.13,31.0,2.6
622,dabakala,97.0,CI,2019-07-02 23:17:09,96.0,8.36,-4.43,22.79,2.18
